{
  "accuracy": 0.7981651376146789,
  "confusion_matrix": [
    [
      68,
      5
    ],
    [
      17,
      19
    ]
  ],
  "classification_report": {
    "0": {
      "precision": 0.8,
      "recall": 0.9315068493150684,
      "f1-score": 0.8607594936708861,
      "support": 73.0
    },
    "1": {
      "precision": 0.7916666666666666,
      "recall": 0.5277777777777778,
      "f1-score": 0.6333333333333333,
      "support": 36.0
    },
    "accuracy": 0.7981651376146789,
    "macro avg": {
      "precision": 0.7958333333333334,
      "recall": 0.7296423135464232,
      "f1-score": 0.7470464135021098,
      "support": 109.0
    },
    "weighted avg": {
      "precision": 0.7972477064220184,
      "recall": 0.7981651376146789,
      "f1-score": 0.7856462664034375,
      "support": 109.0
    }
  },
  "n_rows": 541,
  "n_features": 21,
  "model_path": "/Users/hardavithoria/Desktop/CystaCare/backend/ml/pcos_model.joblib"
}